candidate_rank,evidence_rank,MMSI,VesselName,IMO,CallSign,VesselType,track_intersects_slick,track_distance_to_slick_km,closest_AIS_distance_km,closest_approach_time,hours_before_satellite,speed_at_closest_knots,course_at_closest_deg,points_inside_slick,first_inside_time,last_inside_time,hours_before_first_inside,hours_before_last_inside,median_speed_knots,max_speed_knots,ais_points,first_seen,last_seen,observation_hours,alignment_difference_deg,intersection_score,proximity_score,temporal_score,alignment_score,association_score,association_label
1,2,636017218,CHIQUITA EXPRESS,IMO9304758,D5FR8,70.0,True,0.0,0.0,2018-09-25 22:07:53+00:00,1.897929722222222,12.4,236.6,6,2018-09-25 22:07:53+00:00,2018-09-25 22:18:22+00:00,1.897929722222222,1.7232074999999998,11.9,12.4,201,2018-09-25 18:27:43+00:00,2018-09-26 00:01:22+00:00,5.560833333333333,35.735338810092315,35.0,30.0,21.04597974537037,6.0294067988786315,92.075386544249,Strong association
2,1,366987890,CAPT RUDY,IMO9337420,WDC2099,90.0,True,0.0,0.0,2018-09-25 22:16:52+00:00,1.7482075,12.2,251.5,2,2018-09-25 22:16:52+00:00,2018-09-25 22:19:13+00:00,1.7482075,1.7090408333333331,11.9,12.8,310,2018-09-25 12:03:32+00:00,2018-09-26 00:01:05+00:00,11.959166666666668,50.63533881009232,35.0,30.0,21.357901041666665,4.373851243323076,90.73175228498974,Strong association
3,3,367556640,CAPT DONALD LOWE SR,IMO9645607,WDG6405,31.0,True,0.0,0.0,2018-09-25 12:21:43+00:00,11.667374166666669,11.3,254.5,14,2018-09-25 12:21:43+00:00,2018-09-25 12:36:44+00:00,11.667374166666669,11.417096388888888,9.6,11.4,352,2018-09-25 12:02:12+00:00,2018-09-25 20:11:34+00:00,8.15611111111111,53.63533881009232,35.0,30.0,0.692970486111108,4.040517909989743,69.73348839610085,Moderate association
4,4,367019880,LA CHEVAL,IMO7826910,WSG4013,31.0,False,1.0589160902314292,1.0595312798384149,2018-09-25 19:30:52+00:00,4.514874166666667,6.6,63.8,0,,,,,6.9,7.8,354,2018-09-25 14:23:11+00:00,2018-09-26 00:01:31+00:00,9.63888888888889,42.93533881009233,0.0,26.823251729305714,13.942737114793694,5.22940679887863,45.99539564297804,Possible association
5,8,367425340,CAPT MASON,IMO7944530,WDF2141,30.0,False,1.6191137802482258,1.6290703526153474,2018-09-25 19:50:12+00:00,4.192651944444445,7.8,54.8,0,,,,,7.7,9.1,312,2018-09-25 12:03:01+00:00,2018-09-26 00:00:54+00:00,11.964722222222225,33.93533881009233,0.0,25.14265865925532,13.6317699440857,6.22940679887863,45.00383540221965,Possible association
6,11,367302430,THE SHOOTIST,IMO8036574,WDD8759,30.0,False,3.7681360208930217,3.7681360208930217,2018-09-26 00:00:18+00:00,0.0243186111111111,7.4,51.1,0,,,,,2.8,8.0,392,2018-09-25 12:02:26+00:00,2018-09-26 00:00:18+00:00,11.964444444444444,30.235338810092315,0.0,18.695591937320934,15.548086973474687,6.640517909989743,40.88419682078536,Possible association
7,9,367451430,DEBRA LEE,IMO8958708,WDF4397,30.0,False,2.949276175847826,4.216198497619613,2018-09-25 19:23:50+00:00,4.632096388888889,8.7,46.6,0,,,,,3.0,9.5,178,2018-09-25 12:08:50+00:00,2018-09-25 21:49:53+00:00,9.684166666666666,25.735338810092315,0.0,21.152171472456523,10.822719484357906,7.140517909989743,39.115408866804174,Possible association
8,7,366825310,C-TRUC 7,IMO8123509,WDA5890,90.0,False,1.5960871308170594,1.602424743974476,2018-09-25 17:08:01+00:00,6.895707499999999,12.0,246.5,0,,,,,11.6,13.6,337,2018-09-25 12:02:52+00:00,2018-09-25 20:14:21+00:00,8.19138888888889,45.63533881009232,0.0,25.211738607548824,8.936672797671662,4.929406798878631,39.07781820409912,Possible association
9,5,367318350,MISS LORAINE,IMO8941054,WDD9941,30.0,False,1.2151827372428063,1.3473094368058507,2018-09-25 13:44:29+00:00,10.287929722222222,7.5,235.4,0,,,,,3.1,8.5,263,2018-09-25 12:09:14+00:00,2018-09-26 00:00:47+00:00,11.859166666666669,34.53533881009233,0.0,26.354451788271582,3.1333801106824435,6.1627401322119635,35.65057203116599,Possible association
10,12,368674000,HEIDE MORAN,IMO7420390,WYN6273,31.0,False,3.7836357618231777,3.7836357618231777,2018-09-25 23:08:39+00:00,0.8851519444444444,8.0,278.0,0,,,,,7.8,8.2,129,2018-09-25 19:30:38+00:00,2018-09-26 00:01:29+00:00,4.514166666666667,77.13533881009232,0.0,18.649092714530468,14.394571659442656,1.4294067988786308,34.47307117285175,Possible association
11,6,366989120,MARY GRACE,IMO9320350,WDH7968,60.0,False,1.370185209336217,1.4118516735777635,2018-09-25 13:04:26+00:00,10.955429722222222,20.2,258.5,0,,,,,19.8,20.8,139,2018-09-25 12:01:56+00:00,2018-09-25 15:14:38+00:00,3.2116666666666664,57.63533881009232,0.0,25.88944437199135,1.878010006886342,3.5960734655452975,31.36352784442299,Possible association
12,13,367471780,PRINCESS KELLY,IMO8969965,WDF6207,30.0,False,3.869092017138016,3.8760691199943103,2018-09-25 14:33:24+00:00,9.472651944444443,8.0,216.4,0,,,,,7.8,9.5,286,2018-09-25 12:01:58+00:00,2018-09-25 23:39:42+00:00,11.62888888888889,15.535338810092327,0.0,18.392723948585953,3.228112160265891,8.273851243323074,29.89468735217492,Weak association
13,15,367581960,MS ISABELLA ROSE,IMO8964484,WDG8874,90.0,False,4.805467994411565,4.821945773982399,2018-09-25 18:31:01+00:00,5.512374166666667,8.9,231.6,0,,,,,8.6,9.3,354,2018-09-25 12:02:50+00:00,2018-09-25 23:55:20+00:00,11.875,30.735338810092315,0.0,15.583596016765304,7.020870839902571,6.584962354434188,29.189429211102066,Weak association
14,16,367578370,BIG BULL,IMO8941200,WDG8519,30.0,False,4.815177365974368,4.815177365974368,2018-09-25 16:54:28+00:00,7.1215408333333325,6.9,45.4,0,,,,,6.8,7.6,291,2018-09-25 12:49:28+00:00,2018-09-25 21:59:11+00:00,9.161944444444444,24.535338810092327,0.0,15.554467902076896,5.269571980521491,7.273851243323075,28.09789112592146,Weak association
15,21,367723350,NGUYEN TJ II,IMO8980024,WDI6898,30.0,False,5.922807963150889,5.924411300042073,2018-09-25 21:16:48+00:00,2.749318611111111,8.2,39.6,0,,,,,7.6,8.7,357,2018-09-25 12:01:48+00:00,2018-09-26 00:00:32+00:00,11.97888888888889,18.735338810092315,0.0,12.231576110547334,7.8576676029595935,7.91829568776752,28.00753940127445,Weak association
16,10,366983730,MR LLOYD,IMO8988480,WDH6207,60.0,False,3.4512373230341105,3.4552601865107517,2018-09-25 12:34:47+00:00,11.449596388888889,19.0,43.7,0,,,,,0.6,21.2,506,2018-09-25 12:02:41+00:00,2018-09-25 23:51:45+00:00,11.817777777777778,22.83533881009231,0.0,19.64628803089767,0.7509297136899354,7.462740132211966,27.85995787679957,Weak association
17,17,368022580,DAWN RENEE,IMO0000000,WDJ9085,30.0,False,4.899333892980241,4.899384369180749,2018-09-25 16:16:26+00:00,7.755429722222222,8.4,54.2,0,,,,,3.5,8.7,292,2018-09-25 12:01:59+00:00,2018-09-25 23:07:19+00:00,11.088888888888889,33.33533881009231,0.0,15.301998321059276,4.510444948900949,6.296073465545299,26.108516735505525,Weak association
18,20,369098000,HANNAH,IMO7932343,WDI7828,31.0,False,5.881273664922195,5.881755517127209,2018-09-25 17:43:24+00:00,6.305985277777777,8.3,214.9,0,,,,,8.4,10.0,417,2018-09-25 12:37:09+00:00,2018-09-25 21:36:16+00:00,8.985277777777778,14.035338810092327,0.0,12.356179005233415,4.885851747653625,8.440517909989742,25.682548662876783,Weak association
19,14,367594510,GRACE,IMO8975809,WDH2113,60.0,False,4.751405142386349,4.751405142386349,2018-09-25 12:02:41+00:00,11.984596388888887,15.3,57.8,0,,,,,0.6,15.6,478,2018-09-25 12:02:41+00:00,2018-09-26 00:01:41+00:00,11.983333333333333,36.93533881009233,0.0,15.745784572840954,0.01684319043051359,5.896073465545296,21.658701228816764,Weak association
20,19,367471790,PRINCESS JASMINE II,IMO8969977,WDF6208,30.0,False,5.377037878827656,5.377139926187345,2018-09-25 12:23:56+00:00,11.63042972222222,7.9,242.8,0,,,,,7.95,8.6,150,2018-09-25 12:02:23+00:00,2018-09-25 17:11:20+00:00,5.149166666666667,41.93533881009233,0.0,13.868886363517035,0.35593945734954663,5.3405179099897415,19.565343730856323,Weak association
21,18,367330830,ODYSSEA DARWIN,IMO9343120,WDE2876,90.0,False,5.203442836792071,5.203442836792071,2018-09-25 13:10:17+00:00,10.857929722222222,1.9,260.8,0,,,,,0.9,11.4,483,2018-09-25 12:02:46+00:00,2018-09-26 00:01:17+00:00,11.975277777777778,59.93533881009233,0.0,14.389671489623785,1.1412511191170562,3.3405179099897406,18.87144051873058,Weak association
22,22,367375990,SANTA MARIA IV,IMO8940189,WDE6116,30.0,False,8.202523016518391,8.202523016518391,2018-09-25 21:48:49+00:00,2.2157075,4.3,174.7,0,,,,,3.7,6.2,444,2018-09-25 12:01:51+00:00,2018-09-26 00:01:19+00:00,11.991111111111111,26.16466118990769,0.0,5.392430950444825,3.663966785083693,7.09281542334359,16.149213158872108,Weak association
23,23,367019860,LIA JANE,IMO8660507,WDC4148,30.0,False,8.43432977418925,8.434417421875837,2018-09-25 12:20:05+00:00,11.694596388888888,9.0,232.3,0,,,,,9.5,10.5,152,2018-09-25 12:01:46+00:00,2018-09-25 15:53:15+00:00,3.858055555555556,31.435338810092333,0.0,4.69701067743225,0.09961694599411543,6.507184576656408,11.303812200082774,Weak association
24,102,367406410,KIMMY,,WDE8515,30.0,False,33.85920210349624,33.85920210349624,2018-09-25 13:41:39+00:00,10.335151944444444,2.9,22.7,0,,,,,2.8,8.0,376,2018-09-25 12:02:24+00:00,2018-09-26 00:00:17+00:00,11.964722222222225,1.8353388100923098,0.0,0.0,0.0,9.796073465545298,9.796073465545298,Weak association
25,42,229616000,POLA LADOGA,IMO9659799,9HA3452,70.0,False,25.10787235654303,25.10787235654303,2018-09-25 13:01:25+00:00,11.0057075,0.1,198.1,0,,,,,0.1,0.3,194,2018-09-25 12:04:24+00:00,2018-09-26 00:01:25+00:00,11.950277777777778,2.7646611899076845,0.0,0.0,0.0,9.69281542334359,9.69281542334359,Weak association
26,168,367420980,DUTCHMAN,IMO9585209,WDE9761,60.0,False,47.2355307902747,47.2355307902747,2018-09-25 20:24:44+00:00,3.617096388888889,0.6,204.8,0,,,,,0.8,19.5,478,2018-09-25 12:02:52+00:00,2018-09-26 00:01:01+00:00,11.969166666666666,3.9353388100923326,0.0,0.0,0.0,9.562740132211964,9.562740132211964,Weak association
27,219,367016590,,,,,False,64.313433198974,64.313433198974,2018-09-25 23:47:07+00:00,0.2440408333333333,10.1,24.9,0,,,,,7.9,13.1,178,2018-09-25 12:02:47+00:00,2018-09-26 00:01:18+00:00,11.975277777777778,4.035338810092327,0.0,0.0,0.0,9.551629021100853,9.551629021100853,Weak association
28,153,367007750,MASTER TYLER,,WDC3431,31.0,False,46.32287023675562,46.32287023675562,2018-09-25 17:46:10+00:00,6.259874166666666,3.0,25.1,0,,,,,0.1,5.6,494,2018-09-25 12:02:50+00:00,2018-09-26 00:01:19+00:00,11.974722222222224,4.2353388100923155,0.0,0.0,0.0,9.52940679887863,9.52940679887863,Weak association
29,84,367475170,FEDERAL PILOT 1,,WDF6525,90.0,False,30.08542207201145,30.08542207201145,2018-09-25 16:43:58+00:00,7.296540833333333,8.9,205.2,0,,,,,20.0,27.1,177,2018-09-25 15:36:21+00:00,2018-09-25 23:46:01+00:00,8.161111111111111,4.33533881009231,0.0,0.0,0.0,9.518295687767521,9.518295687767521,Weak association
30,186,366843080,CAPT LEVERT,IMO9269685,WDA7416,90.0,False,51.54741024446345,51.54741024446345,2018-09-25 19:33:52+00:00,4.464874166666667,7.8,196.4,0,,,,,0.6,11.8,484,2018-09-25 12:02:54+00:00,2018-09-26 00:01:12+00:00,11.971666666666666,4.464661189907673,0.0,0.0,0.0,9.503926534454703,9.503926534454703,Weak association
31,93,636014663,ENSCO 75,IMO8764626,A8VT5,90.0,False,33.27727462067408,33.27727462067408,2018-09-25 13:27:18+00:00,10.57431861111111,0.0,25.4,0,,,,,0.0,0.1,435,2018-09-25 12:01:57+00:00,2018-09-26 00:01:24+00:00,11.990833333333333,4.535338810092327,0.0,0.0,0.0,9.496073465545297,9.496073465545297,Weak association
32,104,367177980,,,,,False,34.27839764695385,34.27839764695385,2018-09-25 20:28:28+00:00,3.554874166666667,5.6,196.2,0,,,,,4.0,12.3,490,2018-09-25 12:03:00+00:00,2018-09-26 00:01:19+00:00,11.971944444444444,4.66466118990769,0.0,0.0,0.0,9.481704312232479,9.481704312232479,Weak association
33,213,366592000,LOUISIANA RESPONDER,IMO9044657,WBO8576,90.0,False,60.820379736429366,60.820379736429366,2018-09-25 18:18:18+00:00,5.72431861111111,0.0,205.8,0,,,,,0.0,0.0,494,2018-09-25 12:02:38+00:00,2018-09-26 00:01:17+00:00,11.9775,4.9353388100923326,0.0,0.0,0.0,9.451629021100853,9.451629021100853,Weak association
34,43,237928000,ERIKOUSSA,IMO9254850,SVGV,80.0,False,25.122015306721178,25.122015306721178,2018-09-25 12:30:02+00:00,11.528763055555554,0.1,206.0,0,,,,,0.1,0.3,229,2018-09-25 12:03:02+00:00,2018-09-26 00:00:02+00:00,11.95,5.135338810092321,0.0,0.0,0.0,9.429406798878631,9.429406798878631,Weak association
35,86,367542650,RIVER PILOT,,WDG5036,,False,31.517933838036964,31.517933838036964,2018-09-25 19:43:31+00:00,4.3040408333333335,17.9,207.2,0,,,,,0.0,32.8,501,2018-09-25 12:02:54+00:00,2018-09-26 00:01:03+00:00,11.969166666666666,6.33533881009231,0.0,0.0,0.0,9.2960734655453,9.2960734655453,Weak association
36,158,367588670,LIL JIMMY,,WDG9528,31.0,False,46.41337297168926,46.41337297168926,2018-09-25 15:05:55+00:00,8.9307075,0.0,208.6,0,,,,,0.0,0.1,499,2018-09-25 12:01:46+00:00,2018-09-26 00:01:15+00:00,11.991388888888888,7.7353388100923155,0.0,0.0,0.0,9.140517909989743,9.140517909989743,Weak association
37,135,367135890,SHELBY COURTNEY,IMO8973473,WDJ4193,60.0,False,45.58658437730721,45.58658437730721,2018-09-25 19:10:00+00:00,4.862651944444444,1.9,29.0,0,,,,,0.0,16.5,447,2018-09-25 12:02:50+00:00,2018-09-25 23:05:36+00:00,11.046111111111111,8.135338810092321,0.0,0.0,0.0,9.096073465545299,9.096073465545299,Weak association
38,79,367132770,GENESIS,,WCX8407,60.0,False,28.287152720991227,28.287152720991227,2018-09-25 18:58:34+00:00,5.053207499999999,19.6,29.2,0,,,,,1.6,23.8,493,2018-09-25 12:03:15+00:00,2018-09-26 00:01:18+00:00,11.9675,8.33533881009231,0.0,0.0,0.0,9.073851243323077,9.073851243323077,Weak association
39,201,367659220,LADY JENNIE,IMO8961274,WDH8557,30.0,False,56.61979054748018,56.61979054748018,2018-09-25 13:08:33+00:00,10.88681861111111,1.8,12.4,0,,,,,1.2,7.9,49,2018-09-25 12:03:09+00:00,2018-09-25 23:57:22+00:00,11.903611111111111,8.464661189907673,0.0,0.0,0.0,9.059482090010258,9.059482090010258,Weak association
40,139,367535450,DELTA SPARROW,,WDG4332,31.0,False,45.65318537170205,45.65318537170205,2018-09-25 12:06:27+00:00,11.92181861111111,7.2,209.8,0,,,,,5.2,8.9,249,2018-09-25 12:02:47+00:00,2018-09-25 17:44:17+00:00,5.691666666666666,8.935338810092333,0.0,0.0,0.0,9.007184576656407,9.007184576656407,Weak association
41,38,367376530,MATTERHORN TLP,,WDE6150,90.0,False,22.941810087592472,22.941810087592472,2018-09-25 16:58:59+00:00,7.046263055555555,0.1,210.4,0,,,,,0.0,0.2,472,2018-09-25 12:02:58+00:00,2018-09-26 00:01:37+00:00,11.9775,9.535338810092327,0.0,0.0,0.0,8.940517909989742,8.940517909989742,Weak association
42,205,367638420,JOSEPH ANTHONY,IMO8958320,WDH6480,30.0,False,58.28329496822069,58.28329496822069,2018-09-25 14:32:13+00:00,9.492374166666666,0.2,11.3,0,,,,,0.15,0.2,2,2018-09-25 14:32:13+00:00,2018-09-25 14:35:13+00:00,0.05,9.564661189907667,0.0,0.0,0.0,8.937259867788036,8.937259867788036,Weak association
43,98,367074940,MASTER LANDIN,,WDC7667,31.0,False,33.56500330174796,33.56500330174796,2018-09-25 23:33:10+00:00,0.4765408333333333,4.8,211.0,0,,,,,0.0,7.4,497,2018-09-25 12:02:50+00:00,2018-09-26 00:01:10+00:00,11.97222222222222,10.135338810092321,0.0,0.0,0.0,8.873851243323076,8.873851243323076,Weak association
44,60,229411000,DODO,IMO9662320,9HA3311,70.0,False,27.38693938166397,27.38693938166397,2018-09-25 21:04:42+00:00,2.950985277777778,9.5,31.8,0,,,,,10.3,12.7,320,2018-09-25 16:05:23+00:00,2018-09-26 00:01:13+00:00,7.930555555555555,10.935338810092333,0.0,0.0,0.0,8.784962354434185,8.784962354434185,Weak association
45,65,538006166,TRF BERGEN,IMO9692246,V7KH7,80.0,False,27.421814182382263,27.421814182382263,2018-09-25 22:40:20+00:00,1.3570963888888887,11.5,212.5,0,,,,,12.85,14.6,180,2018-09-25 19:32:33+00:00,2018-09-26 00:01:22+00:00,4.480277777777777,11.635338810092321,0.0,0.0,0.0,8.707184576656408,8.707184576656408,Weak association
46,171,367331210,SEA BEE,IMO7513379,WCY2047,30.0,False,48.344148314709535,48.344148314709535,2018-09-25 14:59:40+00:00,9.034874166666668,8.8,9.0,0,,,,,4.7,12.3,248,2018-09-25 12:02:41+00:00,2018-09-25 20:59:41+00:00,8.95,11.864661189907679,0.0,0.0,0.0,8.68170431223248,8.68170431223248,Weak association
47,196,368508000,GENIE LAB,IMO9564310,WPAG,90.0,False,54.40231859794679,54.40231859794679,2018-09-25 23:39:58+00:00,0.3632075,0.1,189.0,0,,,,,0.1,0.5,479,2018-09-25 12:02:48+00:00,2018-09-26 00:01:17+00:00,11.974722222222224,11.864661189907679,0.0,0.0,0.0,8.68170431223248,8.68170431223248,Weak association
48,54,477096700,DA WEI SHAN,IMO9803118,VRQW7,,False,27.35479948641421,27.35479948641421,2018-09-25 17:21:55+00:00,6.664040833333333,12.5,213.4,0,,,,,12.8,14.6,302,2018-09-25 14:20:06+00:00,2018-09-25 21:45:11+00:00,7.418055555555555,12.535338810092327,0.0,0.0,0.0,8.607184576656408,8.607184576656408,Weak association
49,138,367153690,SUN RAY,,WDJ4198,36.0,False,45.647728646508014,45.647728646508014,2018-09-25 22:21:21+00:00,1.6734852777777776,6.0,33.8,0,,,,,6.3,21.4,498,2018-09-25 12:02:46+00:00,2018-09-26 00:01:11+00:00,11.973611111111111,12.935338810092333,0.0,0.0,0.0,8.562740132211964,8.562740132211964,Weak association
50,97,367166250,,,,,False,33.47330023203409,33.47330023203409,2018-09-25 15:21:33+00:00,8.670151944444443,0.2,187.8,0,,,,,5.5,12.2,429,2018-09-25 12:02:54+00:00,2018-09-26 00:01:13+00:00,11.971944444444444,13.064661189907667,0.0,0.0,0.0,8.548370978899149,8.548370978899149,Weak association
51,74,367192710,BAR PILOT,,WDD7896,60.0,False,27.59815585607521,27.59956726904574,2018-09-25 17:37:37+00:00,6.402374166666666,23.1,34.8,0,,,,,23.6,27.6,280,2018-09-25 15:22:43+00:00,2018-09-25 23:12:10+00:00,7.824166666666667,13.935338810092333,0.0,0.0,0.0,8.451629021100851,8.451629021100851,Weak association
52,96,367772750,LAUREN A,IMO8024741,WDJ3930,30.0,False,33.38885776589946,33.38885776589946,2018-09-25 19:25:04+00:00,4.611540833333333,0.3,34.8,0,,,,,8.9,12.4,491,2018-09-25 12:02:56+00:00,2018-09-26 00:01:16+00:00,11.97222222222222,13.935338810092333,0.0,0.0,0.0,8.451629021100851,8.451629021100851,Weak association
53,64,538003704,HARVEST FESTIVAL,IMO9170262,V7SQ7,70.0,False,27.416368627707428,27.416368627707428,2018-09-25 20:33:25+00:00,3.472374166666667,8.7,35.0,0,,,,,9.1,12.5,329,2018-09-25 15:44:36+00:00,2018-09-26 00:01:15+00:00,8.2775,14.135338810092321,0.0,0.0,0.0,8.429406798878631,8.429406798878631,Weak association
54,52,477090000,WEST BAY,IMO9278868,VRZP8,70.0,False,27.337872102144924,27.337872102144924,2018-09-25 22:09:48+00:00,1.8659852777777777,10.6,35.6,0,,,,,10.9,14.5,228,2018-09-25 17:57:50+00:00,2018-09-26 00:01:18+00:00,6.057777777777778,14.735338810092315,0.0,0.0,0.0,8.362740132211965,8.362740132211965,Weak association
55,214,367617970,KIMBERLY D,IMO9759630,WDH4459,60.0,False,61.30650430035946,61.30650430035946,2018-09-25 23:20:26+00:00,0.6887630555555556,0.4,215.6,0,,,,,0.4,19.6,365,2018-09-25 12:02:47+00:00,2018-09-26 00:01:18+00:00,11.975277777777778,14.735338810092315,0.0,0.0,0.0,8.362740132211965,8.362740132211965,Weak association
56,58,241090000,MINERVA EMMA,IMO9296195,SVBF9,80.0,False,27.370538232849192,27.370538232849192,2018-09-25 18:54:50+00:00,5.115429722222222,7.7,35.7,0,,,,,8.1,9.9,379,2018-09-25 12:03:57+00:00,2018-09-25 23:52:30+00:00,11.809166666666666,14.83533881009231,0.0,0.0,0.0,8.351629021100855,8.351629021100855,Weak association
57,49,538007911,CAPE TAURA,IMO9407251,V7MT6,89.0,False,27.23157773497281,27.23157773497281,2018-09-25 12:04:38+00:00,11.952096388888888,0.1,185.8,0,,,,,0.1,0.4,204,2018-09-25 12:04:38+00:00,2018-09-26 00:01:39+00:00,11.950277777777778,15.064661189907667,0.0,0.0,0.0,8.326148756676925,8.326148756676925,Weak association
58,73,367166280,,,,,False,27.58873145586862,27.58873145586862,2018-09-25 22:34:58+00:00,1.4465408333333332,10.0,36.0,0,,,,,7.8,11.6,482,2018-09-25 12:02:50+00:00,2018-09-26 00:01:10+00:00,11.97222222222222,15.135338810092321,0.0,0.0,0.0,8.31829568776752,8.31829568776752,Weak association
59,66,367166270,,,,,False,27.425722883952,27.425722883952,2018-09-25 21:57:20+00:00,2.0737630555555557,10.4,36.2,0,,,,,9.6,14.1,498,2018-09-25 12:02:51+00:00,2018-09-26 00:01:17+00:00,11.973888888888888,15.33533881009231,0.0,0.0,0.0,8.2960734655453,8.2960734655453,Weak association
60,67,371535000,BULK PATRIOT,IMO9115523,3FEN8,70.0,False,27.427371527895616,27.427371527895616,2018-09-25 21:44:39+00:00,2.2851519444444444,13.2,216.3,0,,,,,13.5,15.4,220,2018-09-25 18:41:26+00:00,2018-09-26 00:01:14+00:00,5.33,15.435338810092333,0.0,0.0,0.0,8.284962354434185,8.284962354434185,Weak association
61,51,366709000,LEGEND,IMO9601792,WDF9316,31.0,False,27.32321660992835,27.32321660992835,2018-09-25 22:36:20+00:00,1.4237630555555554,11.0,36.5,0,,,,,12.4,13.1,267,2018-09-25 16:00:30+00:00,2018-09-26 00:01:10+00:00,8.011111111111111,15.635338810092321,0.0,0.0,0.0,8.262740132211965,8.262740132211965,Weak association
62,154,367659780,STARFLEET GUARDIAN,IMO9780184,WDH8611,60.0,False,46.32397765893312,46.32397765893312,2018-09-25 14:26:51+00:00,9.58181861111111,1.3,4.9,0,,,,,1.1,9.3,137,2018-09-25 12:06:32+00:00,2018-09-25 21:45:31+00:00,9.649722222222222,15.964661189907673,0.0,0.0,0.0,8.226148756676926,8.226148756676926,Weak association
63,48,367475190,FEDERAL PILOT 3,,WDF6527,90.0,False,27.22473172014654,27.22473172014654,2018-09-25 20:26:08+00:00,3.593763055555556,25.3,217.0,0,,,,,0.3,25.6,207,2018-09-25 19:30:09+00:00,2018-09-26 00:01:15+00:00,4.5183333333333335,16.13533881009232,0.0,0.0,0.0,8.20718457665641,8.20718457665641,Weak association
64,57,220258000,TORM ISMINI,IMO9277797,OUPT2,80.0,False,27.370049527520617,27.370049527520617,2018-09-25 19:04:41+00:00,4.951263055555555,8.0,37.0,0,,,,,11.2,13.6,373,2018-09-25 13:16:20+00:00,2018-09-25 22:32:20+00:00,9.266666666666667,16.13533881009232,0.0,0.0,0.0,8.20718457665641,8.20718457665641,Weak association
65,69,366991260,CAPT JOHN E GRAHAM,IMO8988428,WDC2329,90.0,False,27.502763888832977,27.5027981384732,2018-09-25 14:59:11+00:00,9.042929722222222,9.5,217.0,0,,,,,1.45,13.4,474,2018-09-25 12:02:51+00:00,2018-09-26 00:01:01+00:00,11.969444444444443,16.13533881009232,0.0,0.0,0.0,8.20718457665641,8.20718457665641,Weak association
66,85,367353090,SUNSHINE STATE,IMO9408114,WDE4432,80.0,False,30.84118111928622,30.84118111928622,2018-09-26 00:01:09+00:00,0.0101519444444444,11.4,37.0,0,,,,,14.8,15.4,149,2018-09-25 20:22:18+00:00,2018-09-26 00:01:09+00:00,3.6475,16.13533881009232,0.0,0.0,0.0,8.20718457665641,8.20718457665641,Weak association
67,75,366968740,NOLA,,WDB9045,60.0,False,27.625531060791754,27.625531060791754,2018-09-25 16:35:57+00:00,7.430151944444444,24.9,37.1,0,,,,,0.2,28.5,231,2018-09-25 12:02:50+00:00,2018-09-25 17:15:33+00:00,5.211944444444445,16.235338810092315,0.0,0.0,0.0,8.196073465545298,8.196073465545298,Weak association
68,55,367771000,INNOVATION,IMO9542594,WDF4831,31.0,False,27.35594712813616,27.35594712813616,2018-09-25 17:55:55+00:00,6.0973741666666665,9.9,37.7,0,,,,,9.9,12.9,384,2018-09-25 12:18:44+00:00,2018-09-25 22:06:14+00:00,9.791666666666666,16.83533881009231,0.0,0.0,0.0,8.129406798878632,8.129406798878632,Weak association
69,63,725001321,ALMENDRO,IMO9278911,CBAW,70.0,False,27.410378751419064,27.410378751419064,2018-09-25 14:04:47+00:00,9.949596388888889,10.8,218.0,0,,,,,12.2,14.2,270,2018-09-25 12:02:42+00:00,2018-09-25 18:28:57+00:00,6.4375,17.13533881009232,0.0,0.0,0.0,8.096073465545297,8.096073465545297,Weak association
70,56,371819000,UNITED HARMONY,IMO9755672,3FXX9,70.0,False,27.36516583681965,27.36516583681965,2018-09-25 14:28:19+00:00,9.557374166666666,11.7,218.1,0,,,,,11.1,13.9,265,2018-09-25 12:02:40+00:00,2018-09-25 18:24:10+00:00,6.358333333333333,17.235338810092315,0.0,0.0,0.0,8.084962354434188,8.084962354434188,Weak association
71,62,636017407,BLUE PRIDE,IMO9281011,D5KT9,80.0,False,27.404978753491022,27.405607221429182,2018-09-25 15:00:09+00:00,9.02681861111111,10.4,218.5,0,,,,,11.8,14.5,261,2018-09-25 12:02:43+00:00,2018-09-25 18:39:30+00:00,6.613055555555556,17.63533881009232,0.0,0.0,0.0,8.040517909989742,8.040517909989742,Weak association
72,71,366992070,TEON MARIA,,WDC2377,31.0,False,27.531413948603824,27.53177346695414,2018-09-25 13:31:57+00:00,10.496818611111111,8.9,218.5,0,,,,,6.5,11.2,465,2018-09-25 12:02:48+00:00,2018-09-25 23:59:22+00:00,11.942777777777778,17.63533881009232,0.0,0.0,0.0,8.040517909989742,8.040517909989742,Weak association
73,221,367734540,ACE OF TRADE,,WDI8023,30.0,False,66.0723373602487,66.0723373602487,2018-09-25 14:19:28+00:00,9.704874166666666,2.2,183.2,0,,,,,2.7,5.8,141,2018-09-25 12:02:58+00:00,2018-09-25 16:20:00+00:00,4.283888888888889,17.66466118990769,0.0,0.0,0.0,8.037259867788034,8.037259867788034,Weak association
74,194,367740720,COPPER MOUNTAIN,IMO8976607,WDI8648,31.0,False,53.785751370198064,53.785751370198064,2018-09-25 22:35:00+00:00,1.4459852777777775,4.0,218.7,0,,,,,10.2,11.6,147,2018-09-25 20:16:47+00:00,2018-09-26 00:01:15+00:00,3.741111111111111,17.83533881009231,0.0,0.0,0.0,8.01829568776752,8.01829568776752,Weak association
75,169,367725950,MISS BRITTNEY,IMO8847909,WDI7159,30.0,False,47.72391000879302,47.72391000879302,2018-09-25 18:29:37+00:00,5.5357075,3.0,38.8,0,,,,,2.9,5.4,125,2018-09-25 12:06:22+00:00,2018-09-26 00:01:04+00:00,11.911666666666669,17.935338810092333,0.0,0.0,0.0,8.007184576656407,8.007184576656407,Weak association
76,78,209156000,UBC STAVANGER,IMO9287340,P3XJ9,70.0,False,28.262758607485967,28.262758607485967,2018-09-26 00:01:24+00:00,0.0059852777777777,10.6,38.9,0,,,,,13.0,13.6,89,2018-09-25 21:28:24+00:00,2018-09-26 00:01:24+00:00,2.55,18.035338810092327,0.0,0.0,0.0,7.996073465545297,7.996073465545297,Weak association
77,68,636017492,NAUTICAL ALICE,IMO9737694,D5LF7,70.0,False,27.42826047667673,27.42826047667673,2018-09-25 18:34:01+00:00,5.462374166666666,9.7,219.1,0,,,,,13.2,15.2,312,2018-09-25 15:33:06+00:00,2018-09-25 22:54:31+00:00,7.356944444444444,18.235338810092315,0.0,0.0,0.0,7.973851243323075,7.973851243323075,Weak association
78,72,368028770,AB 8,IMO0000000,WDI9723,90.0,False,27.539737218036542,27.53992586340352,2018-09-25 21:24:57+00:00,2.613485277777778,6.8,219.8,0,,,,,0.0,7.4,250,2018-09-25 12:02:32+00:00,2018-09-26 00:00:18+00:00,11.962777777777776,18.935338810092333,0.0,0.0,0.0,7.896073465545297,7.896073465545297,Weak association
79,165,367772490,LE FAMILY,IMO9242845,WDJ3900,30.0,False,46.73693263684961,46.73693263684961,2018-09-25 13:00:10+00:00,11.026540833333334,0.0,219.8,0,,,,,0.3,9.0,250,2018-09-25 12:03:07+00:00,2018-09-26 00:00:55+00:00,11.963333333333331,18.935338810092333,0.0,0.0,0.0,7.896073465545297,7.896073465545297,Weak association
80,53,369818000,MARTIN EXPLORER,IMO9160853,WDB3168,31.0,False,27.350892130943283,27.350892130943283,2018-09-25 23:42:21+00:00,0.3234852777777778,9.2,40.0,0,,,,,10.9,11.6,223,2018-09-25 16:36:21+00:00,2018-09-26 00:01:21+00:00,7.416666666666667,19.13533881009232,0.0,0.0,0.0,7.873851243323076,7.873851243323076,Weak association
81,59,636010378,STOLT INVENTION,IMO9102100,ELSN7,80.0,False,27.38464325216947,27.38464325216947,2018-09-25 13:45:12+00:00,10.275985277777778,8.0,40.6,0,,,,,11.9,13.8,237,2018-09-25 12:02:48+00:00,2018-09-25 17:21:28+00:00,5.311111111111111,19.735338810092315,0.0,0.0,0.0,7.807184576656409,7.807184576656409,Weak association
82,99,368024820,GRADYRAY,IMO8891493,WDJ9313,0.0,False,33.58542790482773,33.58542790482773,2018-09-25 15:25:34+00:00,8.6032075,4.8,40.9,0,,,,,4.7,9.0,357,2018-09-25 12:02:01+00:00,2018-09-26 00:01:15+00:00,11.987222222222222,20.035338810092327,0.0,0.0,0.0,7.773851243323074,7.773851243323074,Weak association
83,70,366804450,CROSBY RAMBLER,,WDA3981,31.0,False,27.527716191785924,27.527716191785924,2018-09-25 20:50:45+00:00,3.183485277777778,3.9,221.0,0,,,,,0.0,10.1,494,2018-09-25 12:02:45+00:00,2018-09-26 00:01:14+00:00,11.974722222222224,20.13533881009232,0.0,0.0,0.0,7.762740132211965,7.762740132211965,Weak association
84,185,367624360,SANDSHARK,IMO8763775,WDH5084,90.0,False,51.50220911716932,51.50220911716932,2018-09-25 12:04:09+00:00,11.960151944444444,0.0,0.0,0,,,,,0.0,0.0,204,2018-09-25 12:04:09+00:00,2018-09-26 00:01:09+00:00,11.95,20.86466118990768,0.0,0.0,0.0,7.68170431223248,7.68170431223248,Weak association
85,192,367557080,MISS ELSIE D,,WDG6446,31.0,False,53.12324080448235,53.12324080448235,2018-09-25 21:50:10+00:00,2.1932075,0.0,360.0,0,,,,,0.0,0.0,75,2018-09-25 12:01:59+00:00,2018-09-25 23:53:40+00:00,11.86138888888889,20.86466118990768,0.0,0.0,0.0,7.68170431223248,7.68170431223248,Weak association
86,210,636014110,ENSCO 68,IMO8753627,A8RJ3,90.0,False,59.88154192897488,59.88154192897488,2018-09-25 13:14:15+00:00,10.791818611111111,0.0,0.0,0,,,,,0.0,0.3,417,2018-09-25 12:01:55+00:00,2018-09-26 00:00:35+00:00,11.977777777777778,20.86466118990768,0.0,0.0,0.0,7.68170431223248,7.68170431223248,Weak association
87,156,367400410,MR LEROY,,WDE8009,60.0,False,46.37157768065173,46.37157768065173,2018-09-25 18:39:03+00:00,5.378485277777777,0.0,42.0,0,,,,,0.0,0.0,4,2018-09-25 18:06:02+00:00,2018-09-25 18:54:03+00:00,0.8002777777777778,21.13533881009232,0.0,0.0,0.0,7.651629021100853,7.651629021100853,Weak association
88,160,367363740,LADY CRYSTAL,,WDE5231,31.0,False,46.58874056175196,46.58874056175196,2018-09-25 15:38:27+00:00,8.388485277777777,0.0,222.0,0,,,,,0.0,0.6,492,2018-09-25 12:02:45+00:00,2018-09-26 00:01:16+00:00,11.975277777777778,21.13533881009232,0.0,0.0,0.0,7.651629021100853,7.651629021100853,Weak association
89,204,367166260,,,,,False,58.22876527495776,58.22876527495776,2018-09-25 14:10:57+00:00,9.846818611111113,4.3,42.0,0,,,,,7.7,11.6,121,2018-09-25 12:02:38+00:00,2018-09-25 14:54:47+00:00,2.869166666666666,21.13533881009232,0.0,0.0,0.0,7.651629021100853,7.651629021100853,Weak association
90,145,338878000,RENEE,IMO9704271,WDH7420,90.0,False,45.83297352341171,45.83297352341171,2018-09-25 12:03:59+00:00,11.962929722222222,0.5,179.7,0,,,,,0.2,0.8,437,2018-09-25 12:03:59+00:00,2018-09-26 00:01:28+00:00,11.958055555555555,21.16466118990769,0.0,0.0,0.0,7.6483709788991465,7.6483709788991465,Weak association
91,95,367452650,PORTPILOT,,WDF4502,90.0,False,33.37688739422729,33.37688739422729,2018-09-25 23:18:03+00:00,0.7284852777777778,0.0,222.8,0,,,,,0.0,26.9,504,2018-09-25 12:02:46+00:00,2018-09-26 00:01:12+00:00,11.973888888888888,21.935338810092333,0.0,0.0,0.0,7.562740132211962,7.562740132211962,Weak association
92,136,367666240,AQUEOS SPLASH,,WDH9259,60.0,False,45.61592850062919,45.615928567108206,2018-09-25 22:08:20+00:00,1.8904297222222224,2.5,222.9,0,,,,,10.6,17.6,252,2018-09-25 12:02:54+00:00,2018-09-26 00:01:21+00:00,11.974166666666669,22.035338810092327,0.0,0.0,0.0,7.551629021100852,7.551629021100852,Weak association
93,178,367594140,NGUYEN T J,IMO8958291,WDH2075,30.0,False,50.12962750459255,50.12962750459255,2018-09-25 14:00:07+00:00,10.027374166666666,3.5,177.9,0,,,,,3.0,3.7,101,2018-09-25 12:02:40+00:00,2018-09-25 14:52:39+00:00,2.833055555555556,22.964661189907673,0.0,0.0,0.0,7.448370978899148,7.448370978899148,Weak association
94,27,367529040,K-MARINE VIII,IMO8977144,WDG3728,60.0,False,10.631009326972968,10.631009326972968,2018-09-25 22:33:58+00:00,1.4632074999999998,0.1,224.0,0,,,,,0.9,14.9,487,2018-09-25 12:02:16+00:00,2018-09-26 00:01:17+00:00,11.983611111111111,23.13533881009232,0.0,0.0,0.0,7.429406798878631,7.429406798878631,Weak association
95,163,367310330,MISS WYNTER,IMO8977716,WDD9362,60.0,False,46.68752710070756,46.68752710070756,2018-09-25 22:27:19+00:00,1.5740408333333331,0.0,177.1,0,,,,,0.0,0.3,486,2018-09-25 12:02:49+00:00,2018-09-26 00:01:09+00:00,11.97222222222222,23.764661189907685,0.0,0.0,0.0,7.359482090010258,7.359482090010258,Weak association
96,50,311012800,GULF JUMEIRAH,IMO9381823,C6XK9,80.0,False,27.29914631541191,27.29914631541191,2018-09-25 17:47:42+00:00,6.234318611111111,11.4,45.0,0,,,,,11.8,14.8,332,2018-09-25 13:01:37+00:00,2018-09-25 21:14:21+00:00,8.212222222222222,24.13533881009232,0.0,0.0,0.0,7.31829568776752,7.31829568776752,Weak association
97,61,368042990,,,,,False,27.402065709276485,27.402065709276485,2018-09-25 15:04:21+00:00,8.95681861111111,26.4,225.0,0,,,,,0.1,27.6,515,2018-09-25 12:02:39+00:00,2018-09-26 00:01:03+00:00,11.973333333333333,24.13533881009232,0.0,0.0,0.0,7.31829568776752,7.31829568776752,Weak association
98,126,367582010,MS NORMA LEE,IMO9089396,WDG8879,90.0,False,44.58958818497193,44.58958818497193,2018-09-26 00:01:27+00:00,0.0051519444444444,9.7,225.1,0,,,,,0.2,10.4,288,2018-09-25 12:08:35+00:00,2018-09-26 00:01:27+00:00,11.88111111111111,24.235338810092315,0.0,0.0,0.0,7.307184576656409,7.307184576656409,Weak association
99,144,367369920,HARRY B SETTOON,,WDE5658,31.0,False,45.82594880043356,45.82594880043356,2018-09-25 14:13:40+00:00,9.801540833333332,1.5,225.2,0,,,,,5.2,10.0,505,2018-09-25 12:02:50+00:00,2018-09-26 00:01:10+00:00,11.97222222222222,24.33533881009231,0.0,0.0,0.0,7.296073465545298,7.296073465545298,Weak association
100,175,367342330,,,,,False,48.418383148011664,48.418383148011664,2018-09-25 13:18:40+00:00,10.7182075,13.5,45.4,0,,,,,9.8,15.2,347,2018-09-25 12:02:52+00:00,2018-09-25 21:01:15+00:00,8.973055555555556,24.535338810092327,0.0,0.0,0.0,7.273851243323075,7.273851243323075,Weak association
101,148,367357150,DMO RESOLUTION,,WDE4732,31.0,False,46.10168230657962,46.10168230657962,2018-09-25 13:30:15+00:00,10.525151944444444,0.5,225.8,0,,,,,0.1,6.0,495,2018-09-25 12:01:55+00:00,2018-09-26 00:01:16+00:00,11.989166666666666,24.935338810092333,0.0,0.0,0.0,7.22940679887863,7.22940679887863,Weak association
102,32,256313000,SEABEE,IMO9698941,9HA3884,70.0,False,14.5226573598137,14.5226573598137,2018-09-25 23:59:51+00:00,0.0318186111111111,0.8,46.2,0,,,,,0.6,11.3,207,2018-09-25 12:06:15+00:00,2018-09-25 23:59:51+00:00,11.893333333333333,25.33533881009231,0.0,0.0,0.0,7.184962354434187,7.184962354434187,Weak association
103,211,367606580,BIG BEN,IMO8992455,WDH3326,30.0,False,59.88557468769031,59.88557468769031,2018-09-25 21:20:32+00:00,2.687096388888889,3.4,174.8,0,,,,,3.3,5.6,22,2018-09-25 15:39:36+00:00,2018-09-25 21:20:32+00:00,5.682222222222222,26.064661189907667,0.0,0.0,0.0,7.103926534454703,7.103926534454703,Weak association
104,91,366957490,WILLIAM H JOHNSON,,WDB8368,60.0,False,32.907855178363754,32.907855178363754,2018-09-25 22:17:28+00:00,1.7382075,8.3,173.6,0,,,,,1.25,27.5,532,2018-09-25 12:02:48+00:00,2018-09-26 00:01:03+00:00,11.970833333333331,27.264661189907685,0.0,0.0,0.0,6.970593201121369,6.970593201121369,Weak association
105,128,367180560,CAPT LUKE C,,WDD7000,31.0,False,44.65411834226042,44.65411834226042,2018-09-25 17:03:41+00:00,6.967929722222222,0.0,228.9,0,,,,,0.0,0.1,164,2018-09-25 14:00:52+00:00,2018-09-25 22:53:38+00:00,8.879444444444445,28.035338810092327,0.0,0.0,0.0,6.884962354434185,6.884962354434185,Weak association
106,166,367033250,KYLE JOSEPH,,WDC4945,31.0,False,46.760917162928806,46.760917162928806,2018-09-25 14:57:39+00:00,9.068485277777777,0.0,49.2,0,,,,,0.0,0.1,496,2018-09-25 12:02:39+00:00,2018-09-26 00:01:18+00:00,11.9775,28.33533881009231,0.0,0.0,0.0,6.851629021100854,6.851629021100854,Weak association
107,115,367730420,SNAFU,,WDI7614,37.0,False,39.177021950885205,39.177021950885205,2018-09-25 20:28:01+00:00,3.562374166666667,2.1,352.0,0,,,,,0.3,10.9,493,2018-09-25 12:02:52+00:00,2018-09-26 00:01:11+00:00,11.971944444444444,28.86466118990768,0.0,0.0,0.0,6.792815423343591,6.792815423343591,Weak association
108,88,367527930,SAMUEL A CHURCH,,WDG3619,,False,32.39755590227938,32.39755590227938,2018-09-25 22:40:50+00:00,1.3487630555555554,33.3,169.3,0,,,,,0.0,33.3,505,2018-09-25 12:02:47+00:00,2018-09-26 00:01:13+00:00,11.973888888888888,31.564661189907667,0.0,0.0,0.0,6.4928154233435915,6.4928154233435915,Weak association
109,76,368019130,POLTAN,IMO0000000,WDJ8716,37.0,False,27.7794446780478,27.7794446780478,2018-09-25 18:02:01+00:00,5.9957075,30.8,349.2,0,,,,,27.3,32.3,82,2018-09-25 13:45:30+00:00,2018-09-25 19:51:21+00:00,6.0975,31.66466118990769,0.0,0.0,0.0,6.481704312232479,6.481704312232479,Weak association
110,89,369970907,BLANCHARD,,AEPC,90.0,False,32.43609459689788,32.43609459689788,2018-09-25 13:25:51+00:00,10.598485277777778,25.7,169.2,0,,,,,15.0,26.5,28,2018-09-25 13:04:52+00:00,2018-09-25 19:23:38+00:00,6.312777777777778,31.66466118990769,0.0,0.0,0.0,6.481704312232479,6.481704312232479,Weak association
111,37,372444000,BREMEN BELLE,IMO9367188,3EIZ7,70.0,False,21.96797549945948,21.96797549945948,2018-09-25 12:02:38+00:00,11.98542972222222,13.9,53.0,0,,,,,13.6,14.1,99,2018-09-25 12:02:38+00:00,2018-09-25 14:13:55+00:00,2.188055555555556,32.13533881009232,0.0,0.0,0.0,6.429406798878631,6.429406798878631,Weak association
112,181,367574050,TOBIE EYMARD,IMO9667904,WDG8104,90.0,False,50.922537968163056,50.922537968163056,2018-09-25 16:22:41+00:00,7.651263055555555,0.0,233.3,0,,,,,0.0,0.2,210,2018-09-25 12:04:40+00:00,2018-09-26 00:01:40+00:00,11.95,32.43533881009233,0.0,0.0,0.0,6.396073465545297,6.396073465545297,Weak association
113,90,367166240,,,,,False,32.82679522988421,32.82679522988421,2018-09-25 19:37:14+00:00,4.408763055555555,5.8,233.4,0,,,,,5.05,12.5,488,2018-09-25 12:02:53+00:00,2018-09-26 00:01:15+00:00,11.972777777777775,32.53533881009233,0.0,0.0,0.0,6.384962354434186,6.384962354434186,Weak association
114,28,338759000,OCEANINTERVENTION II,IMO9232125,WCZ7505,90.0,False,10.9082483229333,10.9082483229333,2018-09-25 12:03:04+00:00,11.9782075,8.5,234.4,0,,,,,8.4,9.1,171,2018-09-25 12:03:04+00:00,2018-09-25 16:26:14+00:00,4.386111111111111,33.53533881009233,0.0,0.0,0.0,6.273851243323074,6.273851243323074,Weak association
115,218,366677000,ODYSSEA COURAGE,IMO9213040,WDF7773,90.0,False,64.09589320586261,64.09589320586261,2018-09-25 16:57:17+00:00,7.074596388888889,2.1,234.6,0,,,,,2.55,2.7,10,2018-09-25 16:38:24+00:00,2018-09-25 16:57:17+00:00,0.3147222222222222,33.735338810092315,0.0,0.0,0.0,6.251629021100854,6.251629021100854,Weak association
116,24,368051780,CATHRYN ELIZABETH,IMO0000000,WDK4095,30.0,False,9.095218197620287,9.095218197620287,2018-09-25 12:02:05+00:00,11.994596388888889,7.7,79.3,0,,,,,2.8,7.8,352,2018-09-25 12:02:05+00:00,2018-09-25 23:59:46+00:00,11.961388888888887,58.43533881009232,0.0,2.714345407139138,0.001018560208431237,3.5071845766564094,6.222548544003979,Weak association
117,172,366950060,,,,,False,48.37571003139348,48.37571003139348,2018-09-25 17:36:19+00:00,6.424040833333333,13.3,56.1,0,,,,,7.7,14.8,368,2018-09-25 12:02:51+00:00,2018-09-25 20:58:59+00:00,8.935555555555556,35.235338810092315,0.0,0.0,0.0,6.084962354434187,6.084962354434187,Weak association
118,106,368049690,GLOBAL LIFT 5,,WDK3888,99.0,False,34.68942235075296,34.68942235075296,2018-09-25 12:01:54+00:00,11.997651944444444,5.2,345.5,0,,,,,5.6,6.6,203,2018-09-25 12:01:54+00:00,2018-09-25 16:51:45+00:00,4.8308333333333335,35.36466118990768,0.0,0.0,0.0,6.070593201121369,6.070593201121369,Weak association
119,209,367451420,MR DINO,,WDF4396,90.0,False,59.55037484785907,59.55037484785907,2018-09-25 22:03:21+00:00,1.9734852777777776,0.6,165.5,0,,,,,0.5,11.9,420,2018-09-25 12:02:51+00:00,2018-09-25 23:22:52+00:00,11.33361111111111,35.36466118990768,0.0,0.0,0.0,6.070593201121369,6.070593201121369,Weak association
120,216,367471760,SEA GODDESS,IMO8938863,WDF6205,30.0,False,63.505369500195776,63.505369500195776,2018-09-25 15:13:31+00:00,8.804040833333334,0.2,236.9,0,,,,,0.4,0.6,3,2018-09-25 12:55:31+00:00,2018-09-25 15:31:31+00:00,2.6,36.03533881009233,0.0,0.0,0.0,5.996073465545297,5.996073465545297,Weak association
121,206,367312940,JESSICA S SETTOON,,WDD9545,31.0,False,58.79694947452069,58.79694947452069,2018-09-26 00:01:15+00:00,0.0084852777777777,6.2,164.5,0,,,,,6.3,6.6,36,2018-09-25 23:07:15+00:00,2018-09-26 00:01:15+00:00,0.9,36.36466118990768,0.0,0.0,0.0,5.959482090010257,5.959482090010257,Weak association
122,124,367442550,,,,,False,44.33261769571732,44.33261769571732,2018-09-25 14:23:34+00:00,9.636540833333331,3.3,237.8,0,,,,,3.8,6.2,447,2018-09-25 12:01:46+00:00,2018-09-25 22:47:25+00:00,10.760833333333334,36.93533881009233,0.0,0.0,0.0,5.896073465545296,5.896073465545296,Weak association
123,173,367306090,JANE P SETTOON,,WDD9033,31.0,False,48.38116024548815,48.38116024548815,2018-09-25 23:07:14+00:00,0.9087630555555556,4.4,239.2,0,,,,,4.8,6.1,134,2018-09-25 20:40:04+00:00,2018-09-26 00:01:14+00:00,3.352777777777778,38.33533881009231,0.0,0.0,0.0,5.7405179099897445,5.7405179099897445,Weak association
124,77,367481310,OSG COURAGEOUS,IMO9395707,WDF7122,31.0,False,28.030709306008145,28.030709306008145,2018-09-25 21:39:57+00:00,2.363485277777778,0.1,342.5,0,,,,,0.2,0.4,213,2018-09-25 12:03:53+00:00,2018-09-26 00:00:57+00:00,11.95111111111111,38.36466118990768,0.0,0.0,0.0,5.737259867788036,5.737259867788036,Weak association
125,183,367627320,ROCKFISH,IMO8763024,WDH5372,90.0,False,51.00265184393727,51.00265184393727,2018-09-25 12:40:28+00:00,11.354874166666669,0.0,239.4,0,,,,,0.0,0.2,138,2018-09-25 12:02:38+00:00,2018-09-25 23:04:58+00:00,11.03888888888889,38.53533881009233,0.0,0.0,0.0,5.71829568776752,5.71829568776752,Weak association
126,207,366874650,MR HENRY,IMO9283083,WDB2323,60.0,False,58.97702967422296,58.97702967422296,2018-09-25 18:49:47+00:00,5.199596388888889,6.2,342.3,0,,,,,9.1,21.8,74,2018-09-25 15:54:09+00:00,2018-09-25 19:15:29+00:00,3.355555555555556,38.56466118990767,0.0,0.0,0.0,5.715037645565815,5.715037645565815,Weak association
127,45,367743640,MASTER PAUL,IMO8990639,WDI8935,30.0,False,25.244822061014325,25.244822061014325,2018-09-25 19:58:04+00:00,4.061540833333334,2.8,162.0,0,,,,,3.0,6.3,50,2018-09-25 12:39:03+00:00,2018-09-25 19:58:04+00:00,7.316944444444444,38.86466118990768,0.0,0.0,0.0,5.681704312232481,5.681704312232481,Weak association
128,174,367369940,PENELOPE H SETTOON,,WDE5660,31.0,False,48.40985937284362,48.40985937284362,2018-09-25 18:09:12+00:00,5.875985277777778,4.8,240.4,0,,,,,5.1,9.2,474,2018-09-25 12:02:52+00:00,2018-09-25 23:34:41+00:00,11.530277777777778,39.53533881009233,0.0,0.0,0.0,5.607184576656408,5.607184576656408,Weak association
129,212,367510030,MS MEGGIE,IMO9373759,WDF9903,90.0,False,59.9400648642172,59.9400648642172,2018-09-25 16:07:14+00:00,7.908763055555555,0.1,341.0,0,,,,,0.1,10.3,436,2018-09-25 12:01:54+00:00,2018-09-26 00:01:43+00:00,11.996944444444445,39.86466118990768,0.0,0.0,0.0,5.570593201121369,5.570593201121369,Weak association
130,36,367637190,HAYDEN,IMO8988478,WDH6365,60.0,False,21.721600943070133,21.721600943070133,2018-09-25 17:23:51+00:00,6.631818611111111,0.0,340.9,0,,,,,1.0,21.2,437,2018-09-25 12:01:46+00:00,2018-09-25 23:10:58+00:00,11.153333333333334,39.9646611899077,0.0,0.0,0.0,5.559482090010254,5.559482090010254,Weak association
131,146,636016805,MSC NADRIELY,IMO9149328,D5HX2,70.0,False,45.86167241872235,45.86167241872235,2018-09-25 23:48:06+00:00,0.2276519444444444,0.4,340.4,0,,,,,15.7,17.9,71,2018-09-25 22:24:09+00:00,2018-09-26 00:01:17+00:00,1.6188888888888888,40.4646611899077,0.0,0.0,0.0,5.503926534454699,5.503926534454699,Weak association
132,184,367132730,JIMMIE HOLMES ELEVAT,IMO8770235,WDD3532,90.0,False,51.4792149825396,51.4792149825396,2018-09-25 18:51:49+00:00,5.1657075,0.0,159.8,0,,,,,0.0,0.1,191,2018-09-25 12:03:51+00:00,2018-09-25 23:57:51+00:00,11.9,41.06466118990767,0.0,0.0,0.0,5.437259867788037,5.437259867788037,Weak association
133,170,367079560,MS DEE,IMO8973497,WDC7960,60.0,False,47.84369353377728,47.84369353377728,2018-09-25 16:43:38+00:00,7.302096388888889,0.6,242.3,0,,,,,1.8,20.3,487,2018-09-25 12:02:49+00:00,2018-09-26 00:01:20+00:00,11.975277777777778,41.43533881009233,0.0,0.0,0.0,5.396073465545297,5.396073465545297,Weak association
134,94,367362520,CANDY LAND,IMO9407184,WDE5133,60.0,False,33.28966651258577,33.28966651258577,2018-09-25 23:24:59+00:00,0.6129297222222222,3.5,242.4,0,,,,,16.8,20.7,119,2018-09-25 12:03:16+00:00,2018-09-25 23:54:16+00:00,11.85,41.53533881009233,0.0,0.0,0.0,5.384962354434187,5.384962354434187,Weak association
135,140,367714960,AUTHORITY I,,WDI6073,,False,45.72016765776267,45.72016765776267,2018-09-25 23:01:16+00:00,1.0082075,0.0,337.9,0,,,,,0.0,0.0,24,2018-09-25 22:57:26+00:00,2018-09-25 23:29:07+00:00,0.5280555555555555,42.9646611899077,0.0,0.0,0.0,5.226148756676922,5.226148756676922,Weak association
136,152,367454680,CHERAMIE BOTRUC 41,IMO9503445,WNSG,90.0,False,46.277819918885065,46.277819918885065,2018-09-25 22:10:41+00:00,1.8512630555555556,0.3,337.5,0,,,,,0.2,0.6,427,2018-09-25 12:01:50+00:00,2018-09-26 00:00:21+00:00,11.975277777777778,43.36466118990768,0.0,0.0,0.0,5.18170431223248,5.18170431223248,Weak association
137,182,367593780,RAIMY EYMARD,IMO9696125,WDH2039,90.0,False,50.96228822592666,50.96228822592666,2018-09-25 19:34:22+00:00,4.456540833333333,0.0,245.3,0,,,,,0.0,0.2,199,2018-09-25 12:04:18+00:00,2018-09-26 00:01:20+00:00,11.950555555555557,44.43533881009233,0.0,0.0,0.0,5.062740132211962,5.062740132211962,Weak association
138,47,366992040,OCEAN PRIDE,,WDC2374,31.0,False,26.91794809112611,26.91794809112611,2018-09-25 17:32:35+00:00,6.486263055555555,6.7,65.8,0,,,,,0.0,9.6,492,2018-09-25 12:02:54+00:00,2018-09-26 00:01:13+00:00,11.971944444444444,44.93533881009233,0.0,0.0,0.0,5.007184576656407,5.007184576656407,Weak association
139,157,538004644,ROWAN RESOLUTE,IMO9630078,V7YE8,90.0,False,46.38971285938139,46.38971285938139,2018-09-25 12:10:02+00:00,11.862096388888888,0.0,66.0,0,,,,,0.0,0.2,406,2018-09-25 12:03:11+00:00,2018-09-26 00:01:22+00:00,11.969722222222222,45.13533881009232,0.0,0.0,0.0,4.984962354434187,4.984962354434187,Weak association
140,122,367669990,CAPT ANDRE,IMO7733187,WDH9629,30.0,False,43.64289408882675,43.64289408882675,2018-09-25 16:10:14+00:00,7.858763055555555,2.7,66.9,0,,,,,2.7,4.6,300,2018-09-25 14:49:11+00:00,2018-09-26 00:00:23+00:00,9.186666666666667,46.03533881009233,0.0,0.0,0.0,4.884962354434186,4.884962354434186,Weak association
141,131,367090390,SUN DAY,,WDC8625,60.0,False,45.247741433062906,45.247741433062906,2018-09-25 12:56:41+00:00,11.084596388888889,2.3,154.8,0,,,,,11.55,18.7,350,2018-09-25 12:02:07+00:00,2018-09-25 23:58:51+00:00,11.945555555555556,46.06466118990767,0.0,0.0,0.0,4.881704312232481,4.881704312232481,Weak association
142,103,257714000,HOEGH TROOPER,IMO9075711,LAKQ7,70.0,False,34.1873573552209,34.18741509178353,2018-09-25 19:01:10+00:00,5.009874166666666,15.5,247.0,0,,,,,15.55,16.3,172,2018-09-25 16:57:39+00:00,2018-09-25 21:04:58+00:00,4.121944444444445,46.13533881009232,0.0,0.0,0.0,4.873851243323076,4.873851243323076,Weak association
143,26,367704020,MISS ALLY,IMO8940658,WDI4986,30.0,False,10.30635452144389,10.30635452144389,2018-09-25 23:56:12+00:00,0.0926519444444444,5.3,333.8,0,,,,,3.2,13.6,307,2018-09-25 12:03:10+00:00,2018-09-26 00:00:42+00:00,11.95888888888889,47.06466118990767,0.0,0.0,0.0,4.77059320112137,4.77059320112137,Weak association
144,200,367643820,JANAE' ALYSSA,,WDH7007,30.0,False,55.6661038564449,55.6661038564449,2018-09-26 00:00:26+00:00,0.0220963888888888,2.3,153.4,0,,,,,0.1,5.3,259,2018-09-25 12:03:32+00:00,2018-09-26 00:00:26+00:00,11.948333333333334,47.46466118990767,0.0,0.0,0.0,4.726148756676926,4.726148756676926,Weak association
145,133,367331190,HELGE HOVLAND,IMO7643497,WCY2046,30.0,False,45.49169028916709,45.49169028916709,2018-09-25 23:30:52+00:00,0.5148741666666666,8.5,152.6,0,,,,,7.0,11.7,102,2018-09-25 21:20:44+00:00,2018-09-26 00:01:13+00:00,2.674722222222222,48.264661189907685,0.0,0.0,0.0,4.6372598677880355,4.6372598677880355,Weak association
146,164,366992060,DEJEANNE MARIA,,WDC2376,31.0,False,46.71861262057679,46.71861262057679,2018-09-25 16:34:36+00:00,7.452651944444444,0.0,249.6,0,,,,,0.0,0.0,228,2018-09-25 12:02:10+00:00,2018-09-26 00:01:45+00:00,11.993055555555555,48.735338810092315,0.0,0.0,0.0,4.584962354434187,4.584962354434187,Weak association
147,81,367791160,MASTER WAYNE,,WDJ5774,30.0,False,28.68855240002205,28.68855240002205,2018-09-25 21:02:24+00:00,2.9893186111111114,2.7,250.4,0,,,,,0.2,3.0,241,2018-09-25 12:03:25+00:00,2018-09-26 00:00:23+00:00,11.949444444444444,49.53533881009233,0.0,0.0,0.0,4.496073465545297,4.496073465545297,Weak association
148,198,367032830,DULARGE,IMO8767575,WCS8769,90.0,False,55.176151572135424,55.176151572135424,2018-09-25 21:53:39+00:00,2.1351519444444444,0.1,70.4,0,,,,,0.0,4.1,234,2018-09-25 12:02:40+00:00,2018-09-25 23:59:36+00:00,11.948888888888888,49.53533881009233,0.0,0.0,0.0,4.496073465545297,4.496073465545297,Weak association
149,105,367008520,MISS ALENE,,WDC3476,31.0,False,34.38850453354491,34.38850453354491,2018-09-25 13:07:55+00:00,10.897374166666664,0.1,331.1,0,,,,,0.1,1.4,226,2018-09-25 12:01:55+00:00,2018-09-25 23:58:55+00:00,11.95,49.764661189907656,0.0,0.0,0.0,4.470593201121371,4.470593201121371,Weak association
150,108,538003693,AMANDA C,IMO9482782,V7SO4,70.0,False,35.71277984571699,35.71277984571699,2018-09-26 00:01:11+00:00,0.0095963888888888,12.9,329.3,0,,,,,13.2,13.7,58,2018-09-25 22:22:00+00:00,2018-09-26 00:01:11+00:00,1.6530555555555555,51.56466118990767,0.0,0.0,0.0,4.27059320112137,4.27059320112137,Weak association
151,125,367008390,MASTER DYLAN,,WDC3472,31.0,False,44.46821451760979,44.46821451760979,2018-09-25 21:47:05+00:00,2.2445963888888887,1.1,148.9,0,,,,,0.0,8.3,505,2018-09-25 12:02:47+00:00,2018-09-26 00:01:15+00:00,11.974444444444444,51.96466118990767,0.0,0.0,0.0,4.226148756676925,4.226148756676925,Weak association
152,149,367732960,LADY KIM T,IMO8885327,WDI7866,30.0,False,46.12396190828503,46.12396190828503,2018-09-25 12:48:08+00:00,11.227096388888889,3.0,73.1,0,,,,,3.0,5.4,428,2018-09-25 12:02:02+00:00,2018-09-26 00:01:10+00:00,11.985555555555557,52.235338810092315,0.0,0.0,0.0,4.1960734655452985,4.1960734655452985,Weak association
153,30,367727490,SEVEN KIDS,,WDI7316,30.0,False,12.805723825357374,12.805723825357374,2018-09-25 22:40:48+00:00,1.349318611111111,2.8,73.4,0,,,,,3.1,8.4,374,2018-09-25 12:02:09+00:00,2018-09-25 23:57:48+00:00,11.9275,52.53533881009233,0.0,0.0,0.0,4.1627401322119635,4.1627401322119635,Weak association
154,109,636015563,GEORGY MASLOV,IMO9610793,D5BN4,80.0,False,36.32719716847604,36.32719716847604,2018-09-25 12:03:05+00:00,11.97792972222222,12.5,147.8,0,,,,,12.0,12.6,59,2018-09-25 12:03:05+00:00,2018-09-25 13:43:45+00:00,1.6777777777777778,53.06466118990767,0.0,0.0,0.0,4.103926534454704,4.103926534454704,Weak association
155,143,366992010,PAPA D,,WDC2371,31.0,False,45.8257983868687,45.8257983868687,2018-09-25 22:56:30+00:00,1.0876519444444444,4.6,254.1,0,,,,,0.8,9.9,456,2018-09-25 12:02:10+00:00,2018-09-26 00:01:20+00:00,11.98611111111111,53.235338810092315,0.0,0.0,0.0,4.084962354434188,4.084962354434188,Weak association
156,123,367002630,TIGER POINT,IMO7309467,WX9273,30.0,False,44.17417170089979,44.17417170089979,2018-09-25 13:42:44+00:00,10.317096388888888,7.0,74.3,0,,,,,5.4,12.7,363,2018-09-25 12:01:54+00:00,2018-09-26 00:01:14+00:00,11.988888888888887,53.43533881009232,0.0,0.0,0.0,4.062740132211965,4.062740132211965,Weak association
157,223,367471840,FAST GIANT,IMO9579949,WDF6212,60.0,False,71.41200732297217,71.57461808748087,2018-09-25 12:58:11+00:00,11.059596388888888,18.6,147.2,0,,,,,19.5,20.1,15,2018-09-25 12:46:41+00:00,2018-09-26 00:00:41+00:00,11.233333333333333,53.66466118990769,0.0,0.0,0.0,4.037259867788034,4.037259867788034,Weak association
158,208,538007088,BILLY JIM,IMO9602411,V7WH7,70.0,False,59.28859107251946,59.28859107251946,2018-09-25 12:02:21+00:00,11.990151944444444,10.9,144.8,0,,,,,10.9,10.9,1,2018-09-25 12:02:21+00:00,2018-09-25 12:02:21+00:00,0.0,56.06466118990767,0.0,0.0,0.0,3.7705932011213705,3.7705932011213705,Weak association
159,82,366982000,WHEELER,IMO7923184,AEQZ,90.0,False,29.744712443050467,29.744712443050467,2018-09-25 14:53:11+00:00,9.142929722222222,0.8,77.0,0,,,,,0.9,9.1,492,2018-09-25 12:02:54+00:00,2018-09-26 00:01:15+00:00,11.9725,56.13533881009232,0.0,0.0,0.0,3.762740132211965,3.762740132211965,Weak association
160,187,367194110,LADY JOANNA,IMO8941315,WCX7284,30.0,False,52.14867791462086,52.14867791462086,2018-09-25 14:12:29+00:00,9.821263055555557,3.5,144.4,0,,,,,3.1,8.5,93,2018-09-25 12:01:58+00:00,2018-09-25 22:47:28+00:00,10.758333333333333,56.46466118990767,0.0,0.0,0.0,3.726148756676925,3.726148756676925,Weak association
161,120,367502750,OCEAN VIEW,IMO8847739,WDF9205,30.0,False,41.15454459191018,41.15454459191018,2018-09-25 12:06:29+00:00,11.921263055555556,0.0,144.2,0,,,,,2.9,6.7,192,2018-09-25 12:06:29+00:00,2018-09-26 00:00:45+00:00,11.904444444444444,56.66466118990769,0.0,0.0,0.0,3.703926534454701,3.703926534454701,Weak association
162,203,367413160,DUSTIN DANOS,IMO8964458,WDE9077,90.0,False,58.136319700505055,58.136319700505055,2018-09-26 00:01:20+00:00,0.0070963888888888,8.8,143.1,0,,,,,9.0,9.5,23,2018-09-25 23:25:20+00:00,2018-09-26 00:01:20+00:00,0.6,57.764661189907685,0.0,0.0,0.0,3.58170431223248,3.58170431223248,Weak association
163,141,368023230,MS.EMILY,IMO999975000,WDJ9153,20.0,False,45.79228994797328,45.79228994797328,2018-09-25 19:05:55+00:00,4.9307075,5.7,79.4,0,,,,,0.0,16.9,496,2018-09-25 12:02:48+00:00,2018-09-26 00:01:17+00:00,11.974722222222224,58.53533881009233,0.0,0.0,0.0,3.4960734655452974,3.4960734655452974,Weak association
164,25,367609140,MISS JEANNETTE B,IMO7739375,WDH3615,30.0,False,10.304748658831976,10.304748658831976,2018-09-25 12:07:13+00:00,11.909040833333332,3.0,141.8,0,,,,,2.9,8.8,231,2018-09-25 12:03:16+00:00,2018-09-25 19:52:10+00:00,7.815,59.06466118990767,0.0,0.0,0.0,3.437259867788037,3.437259867788037,Weak association
165,150,576431000,GLOBAL ORION,IMO9249439,YJVL7,90.0,False,46.16834717597588,46.16834717597588,2018-09-25 22:21:04+00:00,1.6782075,0.3,321.6,0,,,,,0.1,0.8,489,2018-09-25 12:02:54+00:00,2018-09-26 00:01:13+00:00,11.971944444444444,59.264661189907656,0.0,0.0,0.0,3.415037645565816,3.415037645565816,Weak association
166,113,367426920,GREY CUP,IMO9553153,WDF2281,60.0,False,37.86039234380747,37.86039234380747,2018-09-25 19:57:16+00:00,4.074874166666667,21.0,321.1,0,,,,,0.7,22.1,466,2018-09-25 12:23:16+00:00,2018-09-26 00:01:15+00:00,11.633055555555556,59.764661189907656,0.0,0.0,0.0,3.3594820900102604,3.3594820900102604,Weak association
167,162,367154920,MISS LYNDA,,WDD5193,60.0,False,46.65080374209262,46.65080374209262,2018-09-25 21:26:51+00:00,2.581818611111111,0.0,80.7,0,,,,,0.0,0.1,496,2018-09-25 12:02:42+00:00,2018-09-26 00:01:12+00:00,11.975,59.835338810092324,0.0,0.0,0.0,3.3516290211008526,3.3516290211008526,Weak association
168,35,338644000,SOUTHERN QUEST,IMO9222637,WCZ5544,90.0,False,20.3405934097207,20.3405934097207,2018-09-25 14:46:59+00:00,9.246263055555556,0.0,319.0,0,,,,,5.1,13.0,485,2018-09-25 12:02:49+00:00,2018-09-26 00:01:19+00:00,11.975,61.86466118990768,0.0,0.0,0.0,3.1261487566769244,3.1261487566769244,Weak association
169,191,636014006,ENSCO 8505,IMO8770522,A8QU8,90.0,False,53.0938644987606,53.0938644987606,2018-09-25 13:50:50+00:00,10.182096388888889,0.0,138.1,0,,,,,0.0,0.0,227,2018-09-25 12:02:08+00:00,2018-09-26 00:01:08+00:00,11.983333333333333,62.764661189907685,0.0,0.0,0.0,3.026148756676924,3.026148756676924,Weak association
170,225,209587000,HUGIN EXPLORER,IMO9366005,5BEA2,90.0,False,76.40070793042652,76.40070793042652,2018-09-25 13:56:21+00:00,10.090151944444443,0.1,84.6,0,,,,,0.0,7.2,41,2018-09-25 13:56:21+00:00,2018-09-25 16:27:41+00:00,2.522222222222222,63.735338810092315,0.0,0.0,0.0,2.9182956877675204,2.9182956877675204,Weak association
171,29,367680870,LUCKY STAR,IMO9242883,WDI2705,30.0,False,11.458442710931324,11.458442710931324,2018-09-25 12:04:29+00:00,11.954596388888888,2.9,264.7,0,,,,,3.1,9.9,277,2018-09-25 12:04:29+00:00,2018-09-25 23:57:10+00:00,11.878055555555555,63.83533881009231,0.0,0.0,0.0,2.9071845766564097,2.9071845766564097,Weak association
172,142,366693520,BONNIE D,,WCU2309,60.0,False,45.824947402885975,45.824947402885975,2018-09-25 16:27:54+00:00,7.564318611111111,3.2,265.1,0,,,,,0.0,20.5,404,2018-09-25 14:08:43+00:00,2018-09-26 00:01:14+00:00,9.875277777777775,64.23533881009234,0.0,0.0,0.0,2.862740132211962,2.862740132211962,Weak association
173,159,367570970,MISSISSIPPI DELTA,,WDG7800,60.0,False,46.565053431570185,46.565053431570185,2018-09-25 20:41:20+00:00,3.3404297222222223,7.1,316.1,0,,,,,0.4,28.6,510,2018-09-25 12:02:46+00:00,2018-09-26 00:01:14+00:00,11.974444444444444,64.76466118990766,0.0,0.0,0.0,2.803926534454705,2.803926534454705,Weak association
174,134,366986140,GRAND CALLIOU,IMO7201677,WX9284,30.0,False,45.51240214981837,45.51240214981837,2018-09-25 23:50:39+00:00,0.1851519444444444,3.8,85.9,0,,,,,3.5,11.9,133,2018-09-25 20:39:51+00:00,2018-09-26 00:01:01+00:00,3.352777777777778,65.03533881009233,0.0,0.0,0.0,2.773851243323074,2.773851243323074,Weak association
175,176,367703810,DELTA EXPRESS,,WDI4962,60.0,False,48.73912331562996,48.73912331562996,2018-09-25 14:00:00+00:00,10.02931861111111,0.0,266.4,0,,,,,0.0,0.1,19,2018-09-25 13:59:40+00:00,2018-09-25 14:19:30+00:00,0.3305555555555555,65.5353388100923,0.0,0.0,0.0,2.7182956877675224,2.7182956877675224,Weak association
176,179,367132570,LEATHERJACK,IMO8765711,WDH5376,90.0,False,50.40795231228509,50.40795231228509,2018-09-25 14:28:00+00:00,9.562651944444443,0.0,268.1,0,,,,,0.0,0.1,181,2018-09-25 12:07:00+00:00,2018-09-26 00:01:01+00:00,11.900277777777776,67.23533881009234,0.0,0.0,0.0,2.5294067988786284,2.5294067988786284,Weak association
177,33,368003250,PAPA ROD,IMO8941303,WDJ7095,30.0,False,16.337167273047214,16.337167273047214,2018-09-25 13:09:14+00:00,10.875429722222222,3.7,133.4,0,,,,,3.1,8.4,89,2018-09-25 12:05:43+00:00,2018-09-25 15:51:43+00:00,3.7666666666666666,67.46466118990767,0.0,0.0,0.0,2.5039265344547035,2.5039265344547035,Weak association
178,130,367088160,GUSSIE J FLYNN,IMO7534787,WYR2779,30.0,False,44.88093537589417,44.88093537589417,2018-09-25 23:45:32+00:00,0.2704297222222222,6.4,133.1,0,,,,,4.1,11.7,236,2018-09-25 12:02:51+00:00,2018-09-26 00:01:12+00:00,11.9725,67.76466118990768,0.0,0.0,0.0,2.4705932011213685,2.4705932011213685,Weak association
179,222,367635140,AVERY ISLAND,IMO9730311,WDH6152,90.0,False,68.71258114465526,68.7129049792139,2018-09-25 18:43:15+00:00,5.308485277777778,10.5,131.4,0,,,,,10.5,10.7,33,2018-09-25 17:49:15+00:00,2018-09-25 19:30:45+00:00,1.6916666666666669,69.46466118990767,0.0,0.0,0.0,2.281704312232481,2.281704312232481,Weak association
180,46,367667190,EDGAR & BETTY,IMO8885676,WDH9354,30.0,False,26.60610065929782,26.60610065929782,2018-09-25 19:12:59+00:00,4.812929722222222,3.2,90.4,0,,,,,2.8,8.4,158,2018-09-25 14:49:42+00:00,2018-09-25 23:45:44+00:00,8.93388888888889,69.53533881009233,0.0,0.0,0.0,2.273851243323075,2.273851243323075,Weak association
181,193,367373010,WD 143 SHELL RIG,,WDE5894,10.0,False,53.345858804594016,53.345858804594016,2018-09-25 16:07:45+00:00,7.900151944444444,0.0,271.0,0,,,,,0.0,0.1,461,2018-09-25 12:02:48+00:00,2018-09-26 00:01:38+00:00,11.980555555555556,70.13533881009232,0.0,0.0,0.0,2.207184576656409,2.207184576656409,Weak association
182,189,367342020,LUCKY I,,WDE3639,30.0,False,52.70390124311809,52.70390124311809,2018-09-26 00:00:40+00:00,0.0182074999999999,2.6,129.4,0,,,,,0.0,6.8,264,2018-09-25 12:03:07+00:00,2018-09-26 00:00:40+00:00,11.959166666666668,71.46466118990767,0.0,0.0,0.0,2.0594820900102584,2.0594820900102584,Weak association
183,197,367730190,BIG P,IMO9837080,WDI7593,60.0,False,54.76256690075922,54.76256690075922,2018-09-25 21:19:46+00:00,2.699874166666667,22.3,309.4,0,,,,,3.0500000000000003,22.7,108,2018-09-25 16:58:23+00:00,2018-09-25 22:14:35+00:00,5.27,71.4646611899077,0.0,0.0,0.0,2.0594820900102553,2.0594820900102553,Weak association
184,129,338236561,SHAMAN,IMO0000000,DEZNUTZ,37.0,False,44.73386517450278,44.73386517450278,2018-09-25 21:19:50+00:00,2.698763055555556,46.9,92.5,0,,,,,1.0,46.9,165,2018-09-25 12:01:47+00:00,2018-09-25 23:43:03+00:00,11.687777777777775,71.63533881009232,0.0,0.0,0.0,2.0405179099897417,2.0405179099897417,Weak association
185,41,366849480,MISSISSIPPI,IMO8938552,WDA7993,30.0,False,25.09215257188979,25.09215257188979,2018-09-25 13:47:12+00:00,10.242651944444445,3.7,128.0,0,,,,,2.9,7.2,365,2018-09-25 12:03:11+00:00,2018-09-26 00:01:12+00:00,11.966944444444444,72.86466118990768,0.0,0.0,0.0,1.9039265344547018,1.9039265344547018,Weak association
186,107,367611250,REBEL,IMO8987864,WDH3819,90.0,False,35.408035304778544,35.408035304778544,2018-09-25 12:30:21+00:00,11.523485277777777,1.2,274.5,0,,,,,0.3,9.0,443,2018-09-25 12:06:31+00:00,2018-09-26 00:01:11+00:00,11.911111111111111,73.63533881009232,0.0,0.0,0.0,1.8182956877675194,1.8182956877675194,Weak association
187,117,368005910,MR C,IMO9269386,WDJ7354,60.0,False,40.27880097770253,40.27880097770253,2018-09-25 20:21:39+00:00,3.668485277777778,5.3,306.9,0,,,,,0.4,21.4,424,2018-09-25 12:02:47+00:00,2018-09-26 00:00:05+00:00,11.955,73.9646611899077,0.0,0.0,0.0,1.7817043122324772,1.7817043122324772,Weak association
188,92,366939110,VIRGINIA,,WCW4062,31.0,False,32.9196235403975,32.9196235403975,2018-09-25 23:21:59+00:00,0.6629297222222222,9.2,306.8,0,,,,,8.8,9.5,99,2018-09-25 19:42:39+00:00,2018-09-26 00:01:28+00:00,4.313611111111111,74.06466118990767,0.0,0.0,0.0,1.7705932011213699,1.7705932011213699,Weak association
189,116,367569030,JOHN HARVILL,IMO9269697,WDG7611,90.0,False,39.83988877174715,39.83988877174715,2018-09-25 15:47:42+00:00,8.23431861111111,2.1,275.6,0,,,,,0.5,11.6,472,2018-09-25 12:02:52+00:00,2018-09-26 00:01:13+00:00,11.9725,74.73533881009234,0.0,0.0,0.0,1.6960734655452947,1.6960734655452947,Weak association
190,31,367393940,MISS MY PHUNG,IMO8958538,WDE7494,30.0,False,13.779820652408324,13.779820652408324,2018-09-25 12:02:14+00:00,11.99209638888889,3.1,276.1,0,,,,,3.3,9.8,308,2018-09-25 12:02:14+00:00,2018-09-25 23:58:21+00:00,11.935277777777776,75.23533881009234,0.0,0.0,0.0,1.6405179099897393,1.6405179099897393,Weak association
191,217,367442150,JON CADE,IMO9553165,WDF3627,60.0,False,63.89033842904666,63.89033842904666,2018-09-26 00:01:06+00:00,0.0109852777777777,21.2,125.5,0,,,,,21.2,21.2,2,2018-09-26 00:00:02+00:00,2018-09-26 00:01:06+00:00,0.0177777777777777,75.36466118990768,0.0,0.0,0.0,1.626148756676925,1.626148756676925,Weak association
192,119,368039370,HOS BROWNING,IMO9587398,WDK2829,19.0,False,41.03443312261199,41.03443312261199,2018-09-26 00:01:26+00:00,0.0054297222222222,9.8,97.0,0,,,,,9.7,10.1,63,2018-09-25 22:22:07+00:00,2018-09-26 00:01:26+00:00,1.6552777777777778,76.13533881009232,0.0,0.0,0.0,1.5405179099897426,1.5405179099897426,Weak association
193,202,367108910,MARSH ISLAND,IMO7207839,WYZ3964,30.0,False,57.37364749453123,57.37364749453123,2018-09-25 17:01:12+00:00,7.009318611111111,8.5,124.7,0,,,,,5.7,12.5,395,2018-09-25 12:02:52+00:00,2018-09-25 22:30:31+00:00,10.460833333333332,76.16466118990768,0.0,0.0,0.0,1.5372598677880356,1.5372598677880356,Weak association
194,39,368230000,ODYSSEA GOLD,IMO9558555,WDE8097,90.0,False,24.20716114923587,24.20716114923587,2018-09-25 18:14:36+00:00,5.785985277777778,1.3,97.1,0,,,,,0.3,1.5,155,2018-09-25 12:02:36+00:00,2018-09-25 23:56:37+00:00,11.900277777777776,76.23533881009232,0.0,0.0,0.0,1.529406798878632,1.529406798878632,Weak association
195,114,367658490,MISS GERALINE,IMO8958095,WDH8486,30.0,False,38.72646855268361,38.72646855268361,2018-09-25 21:00:18+00:00,3.024318611111111,2.9,124.0,0,,,,,3.0,5.0,167,2018-09-25 13:15:40+00:00,2018-09-25 23:47:36+00:00,10.532222222222222,76.86466118990768,0.0,0.0,0.0,1.4594820900102579,1.4594820900102579,Weak association
196,195,367516920,HARVEY EXPRESS,IMO9582336,WDG8713,60.0,False,54.3300683332362,54.3300683332362,2018-09-26 00:00:00+00:00,0.0293186111111111,20.8,123.7,0,,,,,20.85,21.1,30,2018-09-25 23:10:48+00:00,2018-09-26 00:00:00+00:00,0.82,77.16466118990768,0.0,0.0,0.0,1.4261487566769249,1.4261487566769249,Weak association
197,137,367582190,LYLA ANGELLE,IMO8973318,WDG8896,60.0,False,45.63653511649406,45.63653511649406,2018-09-25 17:09:19+00:00,6.874040833333333,0.3,278.9,0,,,,,0.0,6.9,490,2018-09-25 12:09:37+00:00,2018-09-26 00:01:19+00:00,11.861666666666666,78.0353388100923,0.0,0.0,0.0,1.329406798878634,1.329406798878634,Weak association
198,80,367005480,CREOLE SHAWNEE,,WDC3301,31.0,False,28.30063667757001,28.30063667757001,2018-09-25 15:17:07+00:00,8.744040833333333,0.0,99.7,0,,,,,0.0,0.0,482,2018-09-25 12:02:48+00:00,2018-09-26 00:01:18+00:00,11.975,78.83533881009232,0.0,0.0,0.0,1.2405179099897423,1.2405179099897423,Weak association
199,132,367088150,MISSISSIPPI SOUND,IMO7534816,WYR2792,30.0,False,45.44026743357705,45.44026743357705,2018-09-25 23:18:04+00:00,0.7282075,4.9,122.0,0,,,,,5.1,13.0,387,2018-09-25 12:02:52+00:00,2018-09-26 00:01:13+00:00,11.9725,78.86466118990768,0.0,0.0,0.0,1.2372598677880353,1.2372598677880353,Weak association
200,111,367128890,MISS ALENA,IMO8855023,WDD3320,30.0,False,37.3447073871516,37.3447073871516,2018-09-25 15:25:47+00:00,8.599596388888889,3.1,121.8,0,,,,,3.5,7.8,85,2018-09-25 12:01:47+00:00,2018-09-25 18:09:25+00:00,6.127222222222223,79.06466118990768,0.0,0.0,0.0,1.215037645565813,1.215037645565813,Weak association
201,224,368000390,LOW LAND 10,,WDJ6806,31.0,False,73.33350835772666,73.33350835772666,2018-09-25 12:02:52+00:00,11.981540833333334,6.7,300.2,0,,,,,6.35,7.1,66,2018-09-25 12:02:52+00:00,2018-09-25 13:31:02+00:00,1.4694444444444446,80.66466118990769,0.0,0.0,0.0,1.037259867788034,1.037259867788034,Weak association
202,147,367088350,GRAND CHENIERE,IMO7742449,WYB6283,30.0,False,46.08082401494902,46.08082401494902,2018-09-26 00:01:22+00:00,0.0065408333333333,11.9,118.8,0,,,,,5.1,12.1,360,2018-09-25 12:02:52+00:00,2018-09-26 00:01:22+00:00,11.975,82.06466118990768,0.0,0.0,0.0,0.8817043122324797,0.8817043122324797,Weak association
203,127,367179790,LADY EVE,IMO8658011,WDD6945,60.0,False,44.63124549541048,44.63124549541048,2018-09-25 15:24:13+00:00,8.625707499999999,21.1,103.1,0,,,,,20.75,24.0,440,2018-09-25 12:02:45+00:00,2018-09-26 00:01:11+00:00,11.973888888888888,82.23533881009232,0.0,0.0,0.0,0.8627401322119654,0.8627401322119654,Weak association
204,215,368185000,DEE WHITE,IMO9127227,WCW4132,31.0,False,62.00918279517902,62.00918279517902,2018-09-26 00:01:02+00:00,0.0120963888888888,13.6,118.6,0,,,,,13.7,14.5,45,2018-09-25 22:48:01+00:00,2018-09-26 00:01:02+00:00,1.2169444444444444,82.26466118990768,0.0,0.0,0.0,0.8594820900102573,0.8594820900102573,Weak association
205,110,367684870,EVENING TIDE,IMO8960244,WDI3089,30.0,False,37.24970227814261,37.24970227814261,2018-09-25 18:54:33+00:00,5.120151944444444,3.0,283.9,0,,,,,3.1,8.0,95,2018-09-25 12:04:39+00:00,2018-09-25 22:02:55+00:00,9.971111111111112,83.0353388100923,0.0,0.0,0.0,0.7738512433230782,0.7738512433230782,Weak association
206,199,311000215,ISLAND PRIDE,IMO9630547,C6BB4,90.0,False,55.52516259725811,55.52516259725811,2018-09-25 20:23:51+00:00,3.631818611111111,0.8,104.2,0,,,,,0.2,12.0,220,2018-09-25 16:47:25+00:00,2018-09-26 00:00:35+00:00,7.219444444444444,83.33533881009232,0.0,0.0,0.0,0.7405179099897419,0.7405179099897419,Weak association
207,167,367007770,LADY JOSIE,,WDC3433,31.0,False,46.77923331394556,46.77923331394556,2018-09-25 17:56:03+00:00,6.095151944444444,0.0,104.5,0,,,,,0.0,0.2,341,2018-09-25 12:02:55+00:00,2018-09-25 20:14:54+00:00,8.199722222222222,83.63533881009232,0.0,0.0,0.0,0.7071845766564089,0.7071845766564089,Weak association
208,40,366813030,CAPT DENNIS,IMO8969719,WDA4780,30.0,False,24.876840825332625,24.876840825332625,2018-09-25 15:49:26+00:00,8.205429722222222,3.9,117.0,0,,,,,3.2,7.3,202,2018-09-25 12:04:07+00:00,2018-09-25 23:59:05+00:00,11.91611111111111,83.86466118990768,0.0,0.0,0.0,0.6817043122324806,0.6817043122324806,Weak association
209,112,367736740,MISS HEATHER,IMO8958100,WDI8254,30.0,False,37.5285461689617,37.5285461689617,2018-09-25 12:59:39+00:00,11.035151944444443,3.1,297.0,0,,,,,3.3,7.7,94,2018-09-25 12:08:40+00:00,2018-09-25 23:20:16+00:00,11.193333333333332,83.86466118990768,0.0,0.0,0.0,0.6817043122324806,0.6817043122324806,Weak association
210,44,367185330,PHUOC THANH MAI III,IMO8941432,WDD7355,30.0,False,25.134053679803344,25.134053679803344,2018-09-25 17:47:39+00:00,6.235151944444444,3.1,285.4,0,,,,,3.2,6.1,184,2018-09-25 12:10:43+00:00,2018-09-25 22:12:48+00:00,10.03472222222222,84.5353388100923,0.0,0.0,0.0,0.607184576656411,0.607184576656411,Weak association
211,101,367580190,FAST DELIVERER,IMO9661003,WDG8695,31.0,False,33.81072013541062,33.81072013541062,2018-09-25 15:44:32+00:00,8.287096388888889,18.7,296.2,0,,,,,19.1,19.8,110,2018-09-25 14:54:50+00:00,2018-09-25 17:23:14+00:00,2.473333333333333,84.66466118990769,0.0,0.0,0.0,0.59281542334359,0.59281542334359,Weak association
212,180,367088290,FROSTY MORN,IMO7048960,WM7971,30.0,False,50.43812425495695,50.43812425495695,2018-09-25 12:03:00+00:00,11.979318611111111,12.2,295.9,0,,,,,0.1,12.4,498,2018-09-25 12:03:00+00:00,2018-09-26 00:01:09+00:00,11.969166666666666,84.9646611899077,0.0,0.0,0.0,0.5594820900102548,0.5594820900102548,Weak association
213,161,367015950,CAPT JACK,,WDC3898,31.0,False,46.605830946163,46.605830946163,2018-09-25 17:53:47+00:00,6.132929722222221,0.0,295.7,0,,,,,0.0,0.1,489,2018-09-25 12:02:38+00:00,2018-09-26 00:01:17+00:00,11.9775,85.16466118990769,0.0,0.0,0.0,0.5372598677880347,0.5372598677880347,Weak association
214,118,367602890,GRAND ISLE,IMO9703746,WDH2957,90.0,False,40.64847516424784,40.64847516424784,2018-09-26 00:00:04+00:00,0.0282075,9.4,286.3,0,,,,,9.3,9.8,61,2018-09-25 20:13:05+00:00,2018-09-26 00:00:04+00:00,3.7830555555555554,85.43533881009233,0.0,0.0,0.0,0.5071845766564076,0.5071845766564076,Weak association
215,87,367726340,LUCKY ANGEL,IMO7050834,WDI7197,30.0,False,31.55058782878393,31.55058782878393,2018-09-25 18:00:19+00:00,6.024040833333333,2.7,115.1,0,,,,,3.1,8.6,328,2018-09-25 12:02:59+00:00,2018-09-26 00:00:28+00:00,11.958055555555555,85.76466118990768,0.0,0.0,0.0,0.4705932011213687,0.4705932011213687,Weak association
216,190,367691280,ROBIN,IMO9732474,WDI3726,90.0,False,52.80855866448192,52.80855866448192,2018-09-25 17:41:56+00:00,6.330429722222222,0.2,115.0,0,,,,,0.2,0.8,465,2018-09-25 12:01:56+00:00,2018-09-26 00:01:16+00:00,11.988888888888887,85.86466118990768,0.0,0.0,0.0,0.4594820900102581,0.4594820900102581,Weak association
217,155,367095420,SIMON JR,IMO8978382,WDI9659,90.0,False,46.33878230171033,46.33878230171033,2018-09-25 12:24:40+00:00,11.6182075,0.0,286.9,0,,,,,0.0,0.1,486,2018-09-25 12:02:41+00:00,2018-09-26 00:01:14+00:00,11.975833333333334,86.0353388100923,0.0,0.0,0.0,0.44051790998974494,0.44051790998974494,Weak association
218,177,577305000,ISLAND PERFORMER,IMO9682045,YJUD5,90.0,False,49.21378353340171,49.21378429397025,2018-09-25 13:12:59+00:00,10.812929722222222,12.8,294.4,0,,,,,12.5,13.0,123,2018-09-25 12:05:29+00:00,2018-09-25 15:23:39+00:00,3.3027777777777776,86.4646611899077,0.0,0.0,0.0,0.39281542334358877,0.39281542334358877,Weak association
219,220,366756780,,,,,False,65.89506429511692,65.89506429511692,2018-09-25 12:02:54+00:00,11.980985277777778,5.6,287.5,0,,,,,6.1,11.9,61,2018-09-25 12:02:54+00:00,2018-09-25 13:23:14+00:00,1.3388888888888888,86.63533881009232,0.0,0.0,0.0,0.3738512433230756,0.3738512433230756,Weak association
220,188,368552000,NORBERT BOUZIGA,IMO9529877,WDF2074,90.0,False,52.25347808651103,52.25347808651103,2018-09-26 00:01:18+00:00,0.0076519444444444,9.4,114.1,0,,,,,9.4,9.7,35,2018-09-25 23:09:18+00:00,2018-09-26 00:01:18+00:00,0.8666666666666667,86.76466118990768,0.0,0.0,0.0,0.3594820900102569,0.3594820900102569,Weak association
221,121,367590480,JENNY JASMINE,IMO8940000,WDG9705,30.0,False,42.18413220782385,42.18413220782385,2018-09-25 14:16:10+00:00,9.759874166666666,3.7,293.8,0,,,,,3.3,8.6,101,2018-09-25 12:07:09+00:00,2018-09-25 23:57:18+00:00,11.835833333333332,87.06466118990767,0.0,0.0,0.0,0.3261487566769261,0.3261487566769261,Weak association
222,83,367666910,CAJUN IV,IMO9732761,WDH9327,60.0,False,29.862250367124204,30.26265100990835,2018-09-25 20:24:19+00:00,3.624040833333333,20.0,113.7,0,,,,,19.7,20.1,32,2018-09-25 18:41:21+00:00,2018-09-25 20:24:19+00:00,1.7161111111111111,87.16466118990768,0.0,0.0,0.0,0.31503764556581326,0.31503764556581326,Weak association
223,100,367581980,MS EMELIE ROSE,IMO9260794,WDG8877,90.0,False,33.721101266461226,33.721101266461226,2018-09-25 14:16:38+00:00,9.752096388888887,4.9,288.4,0,,,,,0.5,11.2,492,2018-09-25 12:02:48+00:00,2018-09-26 00:01:19+00:00,11.975277777777778,87.5353388100923,0.0,0.0,0.0,0.27385124332307775,0.27385124332307775,Weak association
224,151,367610230,ROLLING TIDE,IMO8961250,WDH3725,30.0,False,46.21602518272701,46.21602518272701,2018-09-25 17:05:08+00:00,6.943763055555555,2.8,109.4,0,,,,,3.0,7.2,77,2018-09-25 14:29:08+00:00,2018-09-25 18:21:04+00:00,3.8655555555555554,88.53533881009233,0.0,0.0,0.0,0.1627401322119637,0.1627401322119637,Weak association
225,34,367723710,CAPTAIN H W,IMO8969642,WDI6933,30.0,False,20.22373759714254,20.22373759714254,2018-09-25 14:03:02+00:00,9.978763055555556,3.2,291.8,0,,,,,3.2,7.8,165,2018-09-25 12:05:36+00:00,2018-09-25 18:52:20+00:00,6.778888888888889,89.06466118990767,0.0,0.0,0.0,0.10392653445470357,0.10392653445470357,Weak association
